Humidity,Temperature,Light Intensity Level,CO Level,cluster_ID,cluster_label
95.6,31.1,236.0,1.63,1,0
95.6,31.1,236.0,1.67,1,0
95.6,31.0,237.0,1.67,1,0
95.7,31.0,237.0,1.7,1,0
95.8,31.0,236.0,1.69,1,0
96.1,31.0,236.0,1.65,1,0
96.0,31.0,236.0,1.68,1,0
96.2,31.0,236.0,1.68,1,0
96.3,31.0,230.0,1.69,1,0
96.4,31.0,234.0,1.67,1,0
96.2,31.0,228.0,1.79,1,0
95.9,31.0,234.0,1.88,1,0
96.0,31.0,191.0,2.04,1,0
96.5,31.0,218.0,2.05,1,0
96.8,31.1,217.0,1.98,1,0
96.6,31.0,212.0,1.97,1,0
96.3,31.1,205.0,2.06,1,0
96.1,31.1,213.0,2.04,1,0
95.9,31.0,233.0,1.76,1,0
96.0,31.0,225.0,1.8,1,0
96.7,31.1,224.0,1.76,1,0
96.3,31.1,260.0,1.77,1,0
96.2,31.1,239.0,1.76,1,0
96.0,31.1,236.0,1.8,1,0
95.9,31.1,250.0,1.81,1,0
95.9,31.0,249.0,1.83,1,0
96.3,31.1,247.0,1.87,1,0
95.9,31.0,246.0,1.86,1,0
95.8,31.0,244.0,1.85,1,0
96.1,31.0,146.0,1.88,0,0
96.2,31.0,148.0,2.04,0,0
96.9,31.0,121.0,2.13,0,0
97.3,31.0,135.0,2.07,0,0
97.4,31.0,150.0,2.29,0,0
97.7,31.1,149.0,2.15,0,0
96.9,31.0,168.0,1.87,0,0
96.8,31.1,134.0,2.05,0,0
96.5,31.1,136.0,1.85,0,0
96.7,31.1,185.0,1.81,0,0
97.0,31.1,177.0,2.01,0,0
97.6,31.1,172.0,1.93,0,0
97.7,31.1,161.0,1.72,0,0
97.2,31.2,145.0,1.84,0,0
96.9,31.1,151.0,1.83,0,0
97.4,31.2,233.0,1.8,1,0
96.8,31.2,231.0,1.88,1,0
96.2,31.1,230.0,2.0,1,0
95.8,31.1,229.0,1.95,1,0
95.6,31.1,229.0,1.91,1,0
95.3,31.1,232.0,1.79,1,0
95.3,31.1,232.0,1.77,1,0
95.2,31.1,234.0,1.78,1,0
95.2,31.1,232.0,1.79,1,0
95.2,31.1,234.0,1.8,1,0
95.3,31.0,242.0,1.82,1,0
95.4,31.1,235.0,1.82,1,0
96.2,31.0,249.0,1.82,1,0
96.8,31.1,235.0,1.83,1,0
96.7,31.1,237.0,1.82,1,0
96.8,31.1,236.0,1.82,1,0
96.7,31.1,240.0,1.82,1,0
96.5,31.1,238.0,1.83,1,0
96.9,31.1,239.0,1.83,1,0
97.2,31.1,244.0,1.84,1,0
97.3,31.1,239.0,1.84,1,0
97.3,31.1,237.0,1.85,1,0
97.2,31.2,239.0,1.85,1,0
97.2,31.2,240.0,1.86,1,0
97.2,31.2,240.0,1.86,1,0
97.3,31.2,241.0,1.85,1,0
97.3,31.2,242.0,1.86,1,0
97.1,31.3,238.0,1.87,1,0
97.0,31.3,243.0,1.86,1,0
96.9,31.3,244.0,1.87,1,0
96.8,31.3,246.0,1.87,1,0
96.5,31.3,248.0,1.88,1,0
96.4,31.4,253.0,1.88,1,0
96.6,31.4,249.0,1.88,1,0
96.8,31.5,252.0,1.87,1,0
97.1,31.7,256.0,1.71,1,0
96.8,31.8,258.0,1.74,1,0
96.8,32.0,261.0,1.77,1,0
96.2,32.2,259.0,1.84,1,0
94.7,32.4,259.0,1.86,1,0
94.3,32.6,257.0,1.8,1,0
94.1,32.8,258.0,1.34,1,0
98.7,33.3,270.0,0.94,1,0
99.9,34.3,282.0,0.94,1,0
97.9,35.0,269.0,0.92,1,0
96.7,35.8,265.0,1.1,1,0
93.1,36.2,265.0,1.03,1,0
92.8,36.8,261.0,1.14,1,0
90.2,37.1,257.0,1.22,1,0
90.3,37.4,252.0,1.27,1,0
89.7,37.8,252.0,1.28,1,0
86.3,38.2,253.0,0.99,1,0
83.2,38.7,249.0,1.16,1,0
78.2,38.9,245.0,0.97,1,0
78.4,39.3,244.0,1.03,1,0
78.7,39.6,246.0,1.12,1,0
77.9,40.0,232.0,1.18,1,0
77.7,40.3,241.0,1.18,1,1
75.1,40.7,254.0,1.11,1,1
69.9,41.0,210.0,0.81,1,1
71.8,41.3,210.0,0.86,1,1
66.9,41.7,222.0,0.7,1,1
71.9,42.0,226.0,0.88,1,1
64.9,42.0,214.0,0.97,1,1
62.5,42.1,211.0,1.05,1,1
60.9,42.0,209.0,1.09,1,1
61.1,41.9,212.0,1.12,1,1
61.1,42.0,209.0,1.14,1,1
60.7,42.0,215.0,1.16,1,1
60.6,42.1,218.0,1.19,1,1
61.2,42.2,223.0,1.22,1,1
61.0,42.3,218.0,1.26,1,1
60.2,42.5,218.0,1.29,1,1
59.8,42.5,216.0,1.29,1,1
59.7,42.5,216.0,1.3,1,1
59.9,42.5,217.0,1.33,1,1
59.0,42.6,216.0,1.35,1,1
58.5,42.6,216.0,1.37,1,1
58.6,42.8,215.0,1.39,1,1
58.2,42.8,215.0,1.41,1,1
57.3,42.9,216.0,1.44,1,1
57.1,42.9,212.0,1.46,1,1
56.1,43.1,202.0,1.48,1,1
56.5,43.1,170.0,1.5,0,1
56.4,43.1,237.0,1.52,1,1
55.7,43.2,237.0,1.59,1,1
55.4,43.1,234.0,1.59,1,1
55.5,43.0,219.0,1.66,1,1
55.7,43.0,234.0,1.57,1,1
55.5,42.9,233.0,1.56,1,1
55.7,42.8,230.0,1.56,1,1
55.8,42.7,218.0,1.54,1,1
56.4,42.8,228.0,1.45,1,1
56.8,42.8,231.0,1.37,1,1
57.1,42.8,237.0,1.06,1,1
61.0,42.8,236.0,1.07,1,1
60.2,42.8,238.0,1.23,1,1
59.9,42.8,236.0,1.3,1,1
59.3,42.8,220.0,0.99,1,1
64.0,42.8,226.0,0.99,1,1
59.5,42.7,227.0,1.1,1,1
58.4,42.6,228.0,1.1,1,1
64.1,42.6,231.0,0.87,1,1
61.8,42.5,232.0,0.99,1,1
58.9,42.2,246.0,1.04,1,1
59.9,42.2,247.0,0.94,1,1
59.3,42.2,244.0,1.0,1,1
59.0,41.9,243.0,1.09,1,1
59.3,42.0,243.0,1.15,1,1
59.7,42.1,243.0,1.19,1,1
59.7,42.0,243.0,1.04,1,1
61.8,42.0,243.0,1.04,1,1
62.4,42.1,244.0,0.81,1,1
67.7,42.1,247.0,0.87,1,1
68.8,42.0,251.0,0.79,1,1
66.9,41.9,255.0,0.79,1,1
64.4,41.8,255.0,0.84,1,1
62.8,41.8,257.0,0.92,1,1
61.4,41.7,256.0,0.96,1,1
61.5,41.6,261.0,1.0,1,1
62.3,41.4,261.0,0.86,1,1
69.2,41.5,260.0,0.94,1,1
63.9,41.4,267.0,0.94,1,1
67.6,41.6,272.0,0.99,1,1
65.5,42.0,278.0,0.99,1,1
64.3,42.5,252.0,1.03,1,1
65.0,43.0,256.0,1.05,1,1
63.7,43.2,264.0,1.09,1,1
63.1,43.7,274.0,1.11,1,1
62.1,44.8,272.0,1.13,1,1
59.6,45.8,269.0,1.14,1,1
57.5,46.6,273.0,1.16,1,1
56.1,47.1,269.0,1.19,1,1
54.8,47.6,255.0,1.21,1,1
54.8,48.1,275.0,1.39,1,1
54.3,48.7,283.0,1.37,1,1
52.7,49.0,286.0,1.37,1,1
51.0,49.5,281.0,1.36,1,1
49.7,49.9,289.0,1.39,1,1
48.7,50.2,284.0,1.45,1,1
47.5,50.2,282.0,1.45,1,1
46.9,50.5,274.0,1.43,1,1
47.1,50.8,269.0,1.37,1,1
46.6,51.0,268.0,1.37,1,1
45.9,51.3,265.0,1.45,1,1
44.6,51.5,267.0,1.42,1,1
44.8,51.9,277.0,1.41,1,1
44.5,52.2,272.0,1.42,1,1
43.6,52.2,279.0,1.31,1,1
43.4,52.3,286.0,1.29,1,1
43.0,52.6,292.0,1.3,1,1
42.4,53.4,299.0,1.33,1,1
41.6,54.3,307.0,1.33,1,1
40.6,54.4,270.0,1.35,1,1
39.9,54.9,260.0,1.31,1,1
39.4,55.8,257.0,1.31,1,1
38.6,56.7,260.0,1.35,1,1
37.5,57.4,255.0,1.36,1,1
36.7,58.1,253.0,1.44,1,1
36.3,58.8,252.0,1.4,1,1
35.9,59.6,253.0,1.41,1,1
35.5,60.1,250.0,1.54,1,1
35.3,60.8,254.0,1.44,1,1
34.6,61.3,256.0,1.42,1,1
34.1,61.8,257.0,1.39,1,1
33.5,62.3,258.0,1.4,1,1
32.9,62.5,260.0,1.41,1,1
32.7,62.9,265.0,1.42,1,1
32.5,63.2,269.0,1.44,1,1
32.4,63.3,268.0,1.45,1,1
32.6,63.5,266.0,1.48,1,1
32.1,63.7,273.0,1.48,1,1
32.0,63.8,271.0,1.52,1,1
31.8,63.8,280.0,1.5,1,1
31.8,63.9,282.0,1.52,1,1
31.6,63.9,285.0,1.54,1,1
31.5,63.9,287.0,1.55,1,1
31.5,64.1,287.0,1.56,1,1
31.1,64.0,287.0,1.59,1,1
31.1,63.9,286.0,1.61,1,1
31.4,63.9,281.0,1.62,1,1
31.4,63.7,283.0,1.67,1,1
31.4,63.5,283.0,1.63,1,1
31.6,63.2,283.0,1.61,1,1
31.8,63.0,283.0,1.61,1,1
31.8,62.7,280.0,1.61,1,1
31.9,62.5,280.0,1.61,1,1
32.0,62.3,278.0,1.64,1,1
32.3,62.0,277.0,1.67,1,1
32.4,61.7,272.0,1.68,1,1
32.5,61.3,275.0,1.65,1,1
32.5,60.8,275.0,1.65,1,1
32.6,60.6,275.0,1.64,1,1
32.8,60.2,275.0,1.63,1,1
33.3,60.0,279.0,1.59,1,1
33.6,59.8,278.0,1.6,1,1
34.1,59.6,278.0,1.63,1,1
34.3,59.4,278.0,1.66,1,1
34.7,59.0,278.0,1.69,1,1
34.4,58.5,278.0,1.7,1,1
35.1,58.3,276.0,1.8,1,1
35.1,58.0,275.0,1.84,1,1
35.0,57.8,276.0,1.86,1,1
35.4,57.5,276.0,1.84,1,1
35.7,57.2,273.0,1.83,1,1
35.8,56.8,272.0,1.79,1,1
36.2,56.6,269.0,1.82,1,1
36.5,56.2,269.0,1.82,1,1
36.6,55.8,273.0,1.76,1,1
37.0,55.6,272.0,1.72,1,1
37.1,55.2,273.0,1.7,1,1
37.3,54.8,274.0,1.73,1,1
37.6,54.5,276.0,1.69,1,1
38.2,54.2,276.0,1.71,1,1
38.5,53.9,275.0,1.71,1,1
38.6,53.7,273.0,1.71,1,1
38.8,53.4,269.0,1.79,1,1
39.2,53.2,270.0,1.77,1,1
39.2,52.9,270.0,1.77,1,1
39.4,52.8,269.0,1.77,1,1
39.9,52.6,268.0,1.79,1,1
40.1,52.3,269.0,1.85,1,1
40.3,52.1,264.0,1.87,1,1
40.8,52.0,265.0,1.87,1,1
41.1,51.8,249.0,1.81,1,1
41.2,51.4,242.0,1.82,1,1
42.0,50.9,272.0,1.23,1,1
43.1,50.5,221.0,0.92,1,1
43.0,50.4,282.0,0.71,1,1
42.9,50.3,251.0,0.84,1,1
42.7,50.2,202.0,1.13,1,1
42.8,50.2,211.0,1.14,1,1
42.7,50.1,240.0,1.23,1,1
43.0,50.0,192.0,1.27,1,1
43.2,49.8,179.0,1.11,1,1
43.9,49.7,177.0,1.22,1,1
44.3,49.6,182.0,1.29,1,1
44.5,49.5,184.0,1.32,1,1
44.8,49.5,190.0,0.96,1,1
45.7,49.4,189.0,1.1,1,1
45.2,49.3,177.0,1.18,1,1
44.6,49.2,178.0,0.87,1,1
45.0,47.0,180.0,0.81,1,1
46.5,48.9,228.0,1.0,1,1
46.3,48.9,228.0,1.12,1,1
45.9,48.7,223.0,1.18,1,1
46.1,48.6,217.0,1.21,1,1
46.2,48.4,211.0,1.25,1,1
47.2,48.2,212.0,1.29,1,1
47.3,48.0,215.0,1.35,1,1
47.0,47.8,201.0,1.49,1,1
47.6,47.6,250.0,1.46,1,1
47.4,47.6,247.0,1.46,1,1
46.9,47.3,226.0,1.49,1,1
46.9,47.1,229.0,1.52,1,1
47.2,47.0,236.0,1.58,1,1
46.9,46.8,165.0,1.59,0,1
47.7,46.5,161.0,1.58,0,1
48.6,46.4,182.0,1.69,1,1
49.1,46.2,185.0,1.61,1,1
49.5,46.1,176.0,1.65,1,1
49.5,46.0,190.0,0.92,1,1
51.3,46.1,184.0,1.05,1,1
50.8,46.1,200.0,1.21,1,1
50.4,46.0,216.0,1.3,1,1
50.5,45.8,212.0,1.37,1,1
50.8,45.7,213.0,1.41,1,1
50.6,45.7,216.0,1.49,1,1
51.0,45.5,211.0,1.53,1,1
51.4,45.5,216.0,1.57,1,1
51.3,45.3,216.0,1.56,1,1
51.7,45.2,215.0,1.59,1,1
51.8,45.1,215.0,1.63,1,1
51.9,44.9,216.0,1.66,1,1
52.0,44.8,210.0,1.68,1,1
52.2,44.7,237.0,1.63,1,1
53.4,44.8,247.0,1.66,1,1
55.7,45.2,240.0,1.33,1,1
57.5,45.7,251.0,0.91,1,1
59.6,46.5,244.0,1.12,1,1
54.1,46.7,244.0,1.36,1,1
52.2,46.8,245.0,1.42,1,1
51.3,46.7,238.0,1.55,1,1
50.8,46.7,248.0,1.56,1,1
50.7,46.5,242.0,1.54,1,1
50.9,46.3,242.0,1.65,1,1
51.8,46.1,285.0,1.61,1,1
50.6,45.8,307.0,1.65,1,1
50.0,45.6,313.0,1.71,1,1
49.7,45.5,272.0,1.68,1,1
49.4,45.4,287.0,1.71,1,1
49.9,45.2,291.0,1.76,1,1
50.2,45.1,249.0,1.71,1,1
51.1,45.0,253.0,1.67,1,1
51.4,44.8,266.0,1.59,1,1
52.8,44.8,264.0,1.53,1,1
53.0,44.6,262.0,1.5,1,1
52.5,44.5,264.0,1.48,1,1
52.9,44.4,264.0,1.55,1,1
53.1,44.3,264.0,1.66,1,1
53.1,44.2,266.0,1.7,1,1
53.3,44.0,280.0,1.71,1,1
54.0,43.9,282.0,1.5,1,1
54.8,43.8,281.0,1.34,1,1
55.0,43.7,266.0,1.35,1,1
55.0,43.6,263.0,1.32,1,1
55.3,43.4,265.0,1.3,1,1
55.4,43.3,289.0,1.31,1,1
92.7,31.9,152.0,1.78,0,0
92.9,32.0,152.0,1.78,0,0
93.0,31.9,151.0,1.76,0,0
93.2,31.9,152.0,1.8,0,0
93.4,31.9,152.0,1.76,0,0
93.5,31.9,151.0,1.76,0,0
93.5,31.9,150.0,1.79,0,0
93.7,31.9,151.0,1.82,0,0
93.6,31.9,154.0,1.83,0,0
93.9,31.9,157.0,1.88,0,0
93.8,31.9,155.0,1.87,0,0
93.6,31.8,157.0,1.9,0,0
94.1,31.9,152.0,1.91,0,0
93.9,31.9,155.0,1.9,0,0
93.9,31.8,149.0,1.93,0,0
93.7,31.8,150.0,1.93,0,0
93.9,31.7,150.0,1.92,0,0
94.3,31.7,148.0,1.92,0,0
94.3,31.7,151.0,1.93,0,0
94.2,31.7,149.0,1.93,0,0
94.0,31.7,155.0,1.94,0,0
94.0,31.7,159.0,1.95,0,0
94.4,31.7,157.0,1.98,0,0
94.2,31.7,155.0,2.03,0,0
94.0,31.7,151.0,2.04,0,0
93.7,31.7,150.0,2.04,0,0
93.8,31.7,146.0,2.04,0,0
94.1,31.7,143.0,2.04,0,0
94.3,31.7,148.0,2.05,0,0
94.0,31.7,147.0,2.06,0,0
94.0,31.7,147.0,2.04,0,0
93.8,31.7,151.0,2.05,0,0
94.2,31.7,156.0,2.05,0,0
94.3,31.7,154.0,2.06,0,0
94.4,31.7,153.0,2.06,0,0
94.5,31.7,155.0,2.05,0,0
94.4,31.7,156.0,2.15,0,0
94.7,31.7,155.0,2.02,0,0
94.8,31.7,155.0,1.97,0,0
94.2,31.7,154.0,2.08,0,0
93.7,31.7,157.0,2.09,0,0
93.7,31.7,158.0,2.11,0,0
93.5,31.7,159.0,2.08,0,0
93.6,31.8,160.0,2.07,0,0
93.7,31.8,149.0,2.1,0,0
93.9,31.9,166.0,2.07,0,0
95.3,32.2,158.0,2.06,0,0
94.1,32.6,162.0,2.08,0,0
94.4,33.0,166.0,2.08,0,0
94.6,33.6,166.0,2.13,0,0
92.7,34.4,169.0,2.08,0,0
92.7,35.3,171.0,2.07,0,0
93.5,36.3,184.0,1.92,0,0
93.6,37.5,186.0,2.06,1,0
91.0,39.0,191.0,1.99,1,0
90.2,40.6,196.0,2.01,1,1
89.5,42.6,201.0,2.04,1,1
72.2,44.5,194.0,2.04,1,1
68.3,46.4,184.0,2.05,1,1
60.9,48.0,191.0,2.06,1,1
63.7,49.7,185.0,2.08,1,1
61.5,51.3,191.0,2.08,1,1
55.3,53.0,194.0,2.09,1,1
54.5,54.7,192.0,2.11,1,1
50.1,56.5,193.0,2.07,1,1
48.0,58.4,196.0,2.12,1,1
46.8,60.1,193.0,2.12,1,1
44.3,61.9,186.0,2.13,1,1
42.6,63.4,184.0,2.14,1,1
40.2,64.8,187.0,2.14,1,1
40.7,66.2,191.0,2.15,1,1
39.1,67.5,192.0,2.16,1,1
37.6,68.8,190.0,2.16,1,1
37.5,70.0,191.0,2.16,1,1
36.3,71.2,186.0,2.18,1,1
34.9,72.5,185.0,2.19,1,1
33.9,73.6,183.0,2.2,1,1
33.6,74.5,186.0,2.2,1,1
33.0,75.5,184.0,2.19,1,1
32.6,76.5,183.0,2.2,1,1
31.8,77.5,187.0,2.2,1,1
31.3,78.6,187.0,2.2,1,1
31.3,79.5,189.0,2.22,1,1
30.4,80.4,189.0,2.22,1,1
30.2,81.4,189.0,2.2,1,1
30.0,82.3,198.0,2.16,1,1
29.8,83.7,190.0,2.16,1,1
29.7,84.8,179.0,2.17,1,1
29.4,85.9,178.0,2.17,1,1
29.1,86.8,179.0,2.17,1,1
28.6,87.7,188.0,2.17,1,1
28.2,88.6,197.0,2.19,1,1
27.7,89.6,195.0,2.21,1,1
27.2,90.2,198.0,2.22,1,1
27.0,90.9,205.0,2.24,1,1
26.6,91.6,210.0,2.23,1,1
26.5,92.3,193.0,2.21,1,1
26.1,92.7,193.0,2.17,1,1
25.9,93.0,199.0,2.18,1,1
25.7,93.4,195.0,2.25,1,1
25.5,93.0,213.0,2.13,1,1
25.3,92.2,218.0,2.11,1,1
25.1,91.5,221.0,1.5,1,1
25.2,90.4,221.0,1.55,1,1
24.9,90.0,225.0,1.59,1,1
24.6,89.7,222.0,1.75,1,1
24.5,89.4,234.0,1.7,1,1
24.8,89.5,218.0,1.68,1,1
24.8,89.1,201.0,1.65,1,1
24.8,89.1,205.0,1.56,1,1
24.7,88.7,190.0,1.4,1,1
25.0,88.8,226.0,1.35,1,1
24.5,87.8,232.0,1.0,1,1
24.9,87.2,259.0,1.16,1,1
24.0,85.7,265.0,1.2,1,1
23.8,84.1,260.0,0.68,1,1
27.1,83.8,264.0,0.89,1,1
25.0,84.5,224.0,0.83,1,1
25.3,83.9,268.0,0.57,1,1
28.3,83.7,255.0,0.79,1,1
25.7,83.3,244.0,0.9,1,1
25.6,82.8,250.0,0.94,1,1
26.6,82.3,247.0,0.79,1,1
27.4,82.1,242.0,0.82,1,1
26.3,81.9,242.0,0.94,1,1
25.6,81.3,257.0,1.05,1,1
25.5,80.9,235.0,1.09,1,1
25.3,80.2,239.0,1.17,1,1
25.4,79.8,263.0,1.19,1,1
25.4,79.1,254.0,1.22,1,1
25.3,78.3,267.0,1.1,1,1
25.6,78.0,268.0,1.1,1,1
25.7,77.4,269.0,0.77,1,1
27.7,77.2,276.0,0.79,1,1
27.9,76.9,283.0,0.82,1,1
27.3,76.9,274.0,0.94,1,1
26.6,76.7,274.0,1.04,1,1
26.6,76.5,254.0,1.1,1,1
26.7,76.1,277.0,1.03,1,1
27.8,75.9,281.0,0.68,1,1
29.3,75.3,249.0,0.76,1,1
27.8,75.1,252.0,0.86,1,1
27.4,74.7,258.0,0.91,1,1
27.3,74.5,254.0,0.97,1,1
27.3,74.2,252.0,1.02,1,1
27.4,73.8,258.0,1.06,1,1
27.8,73.8,263.0,1.09,1,1
27.9,74.0,258.0,1.12,1,1
27.8,74.2,255.0,1.15,1,1
27.9,74.2,253.0,1.15,1,1
27.8,74.0,252.0,0.96,1,1
29.6,74.0,259.0,1.07,1,1
27.4,72.8,259.0,1.07,1,1
28.5,71.7,250.0,0.94,1,1
28.4,72.2,258.0,1.07,1,1
27.7,72.2,243.0,1.15,1,1
27.5,72.2,245.0,0.95,1,1
28.4,71.6,241.0,0.9,1,1
28.5,70.9,240.0,0.9,1,1
29.0,70.4,233.0,0.98,1,1
28.6,70.5,240.0,1.08,1,1
27.9,70.3,243.0,1.12,1,1
27.8,69.9,239.0,1.17,1,1
28.0,69.6,225.0,1.25,1,1
28.1,69.3,230.0,1.07,1,1
29.0,68.9,234.0,0.95,1,1
29.6,68.6,227.0,0.95,1,1
29.4,68.3,230.0,1.02,1,1
28.7,67.9,219.0,1.11,1,1
28.5,67.4,215.0,1.14,1,1
28.5,67.0,222.0,1.11,1,1
28.8,66.7,245.0,1.2,1,1
28.9,66.3,242.0,1.2,1,1
29.0,66.0,245.0,1.2,1,1
28.9,65.6,250.0,1.23,1,1
29.1,65.3,248.0,1.27,1,1
29.2,65.0,242.0,1.27,1,1
29.4,64.6,221.0,1.07,1,1
31.1,64.0,221.0,0.8,1,1
34.2,63.7,220.0,0.77,1,1
31.8,63.4,222.0,0.79,1,1
32.6,63.1,237.0,0.86,1,1
32.1,62.9,230.0,0.87,1,1
32.0,62.6,248.0,0.97,1,1
31.0,62.4,251.0,1.04,1,1
30.7,62.0,230.0,1.09,1,1
30.9,61.6,239.0,1.12,1,1
31.1,61.6,230.0,1.14,1,1
31.4,61.5,240.0,1.17,1,1
31.7,61.5,270.0,1.19,1,1
31.8,61.5,253.0,1.22,1,1
32.2,61.5,301.0,1.23,1,1
32.3,62.2,298.0,1.23,1,1
32.5,62.8,300.0,1.24,1,1
32.5,63.5,292.0,1.25,1,1
32.9,64.1,295.0,1.22,1,1
33.2,64.8,289.0,1.27,1,1
33.1,65.3,261.0,1.29,1,1
32.5,65.7,220.0,1.11,1,1
33.6,66.0,248.0,0.79,1,1
35.6,66.4,252.0,0.81,1,1
34.5,66.7,254.0,0.71,1,1
37.4,67.5,255.0,0.78,1,1
34.9,68.3,244.0,0.74,1,1
35.7,68.8,254.0,0.74,1,1
31.5,69.0,256.0,0.67,1,1
33.9,68.9,273.0,0.77,1,1
33.1,68.4,261.0,0.69,1,1
33.9,68.6,269.0,0.53,1,1
35.0,68.7,257.0,0.58,1,1
33.1,68.7,230.0,0.73,1,1
31.2,68.8,245.0,0.79,1,1
30.0,68.8,243.0,0.89,1,1
29.8,68.8,252.0,0.88,1,1
29.6,68.8,257.0,0.9,1,1
29.5,68.8,228.0,0.95,1,1
29.5,68.8,226.0,1.0,1,1
31.6,68.8,247.0,0.73,1,1
31.9,68.7,258.0,0.71,1,1
31.6,68.7,251.0,0.82,1,1
29.7,68.3,250.0,0.83,1,1
29.0,68.2,251.0,0.81,1,1
29.3,67.9,267.0,0.92,1,1
28.6,67.6,265.0,0.86,1,1
30.2,67.4,255.0,0.75,1,1
31.0,67.3,265.0,0.87,1,1
30.1,67.0,252.0,0.77,1,1
30.6,66.7,256.0,0.78,1,1
30.0,66.4,255.0,1.07,1,1
29.6,66.3,253.0,1.17,1,1
29.4,66.2,249.0,1.24,1,1
29.4,66.0,251.0,1.23,1,1
29.6,65.9,254.0,1.13,1,1
30.6,65.8,245.0,1.11,1,1
29.5,64.9,245.0,0.95,1,1
31.1,64.5,241.0,1.13,1,1
29.5,64.3,252.0,1.1,1,1
29.5,64.0,259.0,0.88,1,1
31.6,63.8,245.0,0.92,1,1
31.2,63.5,239.0,1.04,1,1
30.6,63.4,241.0,1.16,1,1
30.4,63.2,243.0,1.21,1,1
30.8,63.0,242.0,1.22,1,1
31.1,62.8,242.0,1.27,1,1
30.8,62.7,242.0,1.33,1,1
30.7,62.6,237.0,1.18,1,1
32.3,62.2,236.0,1.12,1,1
31.4,61.5,243.0,1.2,1,1
30.7,60.8,247.0,1.12,1,1
31.5,60.3,222.0,0.96,1,1
32.9,60.2,214.0,0.98,1,1
33.3,60.1,240.0,0.86,1,1
34.3,60.0,239.0,0.88,1,1
34.5,59.9,227.0,0.97,1,1
33.6,59.6,257.0,0.98,1,1
33.9,59.3,252.0,0.9,1,1
34.4,59.1,259.0,1.05,1,1
33.2,58.9,254.0,1.08,1,1
33.1,58.7,224.0,1.21,1,1
33.1,58.6,224.0,1.19,1,1
33.2,58.3,214.0,1.28,1,1
33.6,58.3,208.0,1.33,1,1
33.9,57.9,210.0,1.25,1,1
35.6,57.6,213.0,1.31,1,1
34.0,57.0,229.0,1.38,1,1
33.8,56.8,224.0,1.41,1,1
33.8,56.7,221.0,1.49,1,1
34.1,56.5,226.0,1.42,1,1
34.4,56.2,245.0,1.44,1,1
34.6,56.0,254.0,1.47,1,1
34.9,55.8,255.0,1.44,1,1
35.0,55.6,259.0,1.44,1,1
35.2,55.4,234.0,1.48,1,1
35.4,55.1,222.0,1.5,1,1
35.5,54.9,224.0,1.52,1,1
35.6,54.7,230.0,1.55,1,1
35.8,54.5,223.0,1.57,1,1
36.0,54.4,247.0,1.58,1,1
36.3,54.2,252.0,1.59,1,1
36.3,54.0,249.0,1.61,1,1
36.6,53.9,242.0,1.65,1,1
36.7,53.7,249.0,1.65,1,1
37.3,53.5,250.0,1.67,1,1
37.0,53.3,231.0,1.65,1,1
36.9,53.2,224.0,1.69,1,1
37.0,53.1,253.0,1.6,1,1
37.1,53.0,255.0,1.62,1,1
37.2,52.8,239.0,1.63,1,1
37.2,52.6,247.0,1.66,1,1
37.4,52.6,222.0,1.67,1,1
37.7,52.4,226.0,1.61,1,1
38.0,52.0,222.0,1.4,1,1
38.9,51.6,228.0,1.39,1,1
39.1,51.4,214.0,1.18,1,1
41.2,51.2,207.0,1.16,1,1
41.3,51.0,206.0,1.29,1,1
39.8,50.2,202.0,1.44,1,1
39.0,49.0,200.0,1.5,1,1
39.2,48.3,199.0,1.4,1,1
40.0,48.2,200.0,1.21,1,1
41.8,48.5,204.0,1.07,1,1
41.9,48.4,211.0,1.28,1,1
41.1,47.7,207.0,1.29,1,1
42.0,47.5,213.0,1.3,1,1
42.0,47.6,218.0,1.39,1,1
41.8,47.6,218.0,1.42,1,1
41.8,47.5,201.0,1.39,1,1
41.9,47.4,203.0,1.43,1,1
42.2,47.3,207.0,1.47,1,1
42.6,47.2,214.0,1.48,1,1
42.9,47.1,220.0,1.54,1,1
43.1,47.1,215.0,1.54,1,1
43.1,47.0,208.0,1.58,1,1
43.2,46.9,206.0,1.63,1,1
43.5,46.8,203.0,1.59,1,1
43.7,46.8,210.0,1.64,1,1
43.8,46.7,209.0,1.67,1,1
43.7,46.6,204.0,1.67,1,1
43.7,46.5,199.0,1.69,1,1
44.1,46.5,198.0,1.67,1,1
44.3,46.4,196.0,1.69,1,1
44.5,46.2,195.0,1.68,1,1
45.0,46.0,197.0,1.48,1,1
47.0,45.9,194.0,1.54,1,1
45.5,45.7,198.0,1.53,1,1
45.3,45.5,200.0,1.35,1,1
46.4,45.3,199.0,1.29,1,1
47.5,45.3,204.0,1.31,1,1
47.0,45.1,199.0,1.26,1,1
47.7,45.1,200.0,1.4,1,1
46.8,45.0,202.0,1.48,1,1
46.1,44.9,204.0,1.52,1,1
45.9,44.8,206.0,1.54,1,1
45.9,44.7,205.0,1.56,1,1
46.2,44.7,204.0,1.56,1,1
46.6,44.5,205.0,1.61,1,1
46.5,44.3,203.0,1.63,1,1
46.7,44.2,206.0,1.52,1,1
46.8,44.1,211.0,1.53,1,1
47.0,44.1,209.0,1.54,1,1
47.1,44.0,209.0,1.57,1,1
47.4,43.9,209.0,1.59,1,1
47.6,43.8,207.0,1.61,1,1
48.0,43.8,206.0,1.63,1,1
48.1,43.7,210.0,1.64,1,1
48.2,43.6,212.0,1.65,1,1
48.4,43.5,215.0,1.64,1,1
48.6,43.5,213.0,1.64,1,1
48.5,43.3,213.0,1.64,1,1
48.7,43.2,212.0,1.66,1,1
48.7,43.1,212.0,1.69,1,1
48.7,43.1,211.0,1.66,1,1
49.3,42.9,214.0,1.5,1,1
51.4,42.9,215.0,1.51,1,1
51.4,42.8,215.0,1.46,1,1
52.6,42.7,215.0,1.45,1,1
53.1,42.6,215.0,1.48,1,1
53.4,42.5,220.0,1.4,1,1
53.1,42.4,219.0,1.4,1,1
52.4,42.2,221.0,1.41,1,1
52.5,42.1,223.0,1.33,1,1
52.0,42.0,225.0,1.28,1,1
53.9,42.0,229.0,1.15,1,1
54.8,41.9,230.0,1.07,1,1
58.3,41.9,233.0,1.03,1,1
59.3,41.9,235.0,1.02,1,1
59.4,41.9,235.0,1.1,1,1
57.5,41.9,234.0,1.22,1,1
56.3,41.9,233.0,1.31,1,1
56.0,41.9,227.0,1.37,1,1
56.1,41.9,228.0,1.4,1,1
55.8,41.9,223.0,1.44,1,1
55.8,41.9,222.0,1.48,1,1
56.5,41.8,230.0,1.45,1,1
56.7,41.8,237.0,1.45,1,1
57.1,41.7,232.0,1.32,1,1
56.9,41.6,234.0,1.23,1,1
58.1,41.6,232.0,1.17,1,1
59.0,41.6,227.0,1.19,1,1
57.4,41.5,227.0,1.17,1,1
57.2,41.5,224.0,1.27,1,1
56.2,41.4,222.0,1.33,1,1
56.1,41.3,222.0,1.31,1,1
57.8,41.3,221.0,1.22,1,1
59.6,41.2,221.0,1.23,1,1
58.7,41.2,222.0,1.03,1,1
62.4,41.1,230.0,1.2,1,1
59.6,41.1,235.0,1.2,1,1
59.0,41.0,238.0,1.24,1,1
58.3,41.0,238.0,1.21,1,1
59.8,41.0,239.0,1.27,1,1
59.8,41.0,238.0,1.33,1,1
58.9,40.9,237.0,1.37,1,1
58.8,40.8,236.0,1.41,1,1
59.4,40.8,234.0,1.44,1,1
60.3,40.8,235.0,1.45,1,1
61.5,40.8,235.0,1.48,1,1
62.2,40.8,234.0,1.37,1,1
66.9,40.7,234.0,1.36,1,1
62.9,40.6,236.0,1.39,1,1
61.8,40.6,236.0,1.22,1,1
66.5,40.6,236.0,1.22,1,1
64.1,40.6,235.0,1.23,1,1
65.3,40.5,235.0,1.25,1,1
65.4,40.5,234.0,1.17,1,1
66.7,40.5,234.0,1.2,1,1
65.8,40.5,235.0,1.14,1,1
67.4,40.4,234.0,1.18,1,1
66.4,40.4,233.0,1.16,1,1
66.8,40.4,233.0,1.26,1,1
64.8,40.4,233.0,1.28,1,1
63.8,40.4,233.0,1.31,1,1
63.0,40.3,232.0,1.35,1,1
63.5,40.3,232.0,1.37,1,1
64.3,40.3,232.0,1.4,1,1
64.5,40.2,231.0,1.42,1,1
64.6,40.2,230.0,1.44,1,1
64.8,40.2,232.0,1.42,1,1
66.2,40.1,231.0,1.32,1,1
67.3,40.1,230.0,1.33,1,1
67.7,40.1,231.0,1.33,1,1
66.9,40.1,232.0,1.37,1,1
66.4,40.1,231.0,1.41,1,1
66.2,40.0,231.0,1.44,1,0
65.8,40.0,232.0,1.46,1,0
65.2,39.9,231.0,1.49,1,0
65.2,39.9,230.0,1.57,1,0
66.5,39.9,230.0,1.59,1,0
67.1,39.8,232.0,1.6,1,0
67.1,39.8,246.0,1.63,1,0
66.4,39.7,231.0,1.63,1,0
66.5,39.7,239.0,1.65,1,0
66.3,39.6,232.0,1.65,1,0
66.9,39.6,231.0,1.65,1,0
67.6,39.6,229.0,1.67,1,0
67.2,39.5,230.0,1.67,1,0
66.9,39.5,229.0,1.55,1,0
69.9,39.4,230.0,1.51,1,0
70.6,39.4,230.0,1.42,1,0
69.8,39.3,231.0,1.49,1,0
69.1,39.2,230.0,1.52,1,0
69.2,39.1,230.0,1.48,1,0
70.0,39.0,230.0,1.41,1,0
70.6,39.0,231.0,1.41,1,0
69.6,38.9,232.0,1.28,1,0
71.5,38.9,233.0,1.19,1,0
74.1,38.8,233.0,1.32,1,0
70.9,38.8,235.0,1.39,1,0
69.5,38.8,230.0,1.44,1,0
68.5,38.7,234.0,1.46,1,0
67.9,38.7,240.0,1.49,1,0
67.6,38.7,239.0,1.51,1,0
67.8,38.7,238.0,1.52,1,0
67.7,38.7,238.0,1.53,1,0
67.6,38.6,239.0,1.54,1,0
69.5,38.6,238.0,1.56,1,0
71.0,38.5,232.0,1.44,1,0
72.2,38.5,237.0,1.49,1,0
70.7,38.2,234.0,1.53,1,0
72.2,38.0,292.0,1.27,1,0
70.9,37.9,276.0,1.25,1,0
70.8,38.0,264.0,1.25,1,0
70.9,38.0,285.0,1.23,1,0
71.0,38.0,296.0,1.34,1,0
71.2,37.9,276.0,1.5,1,0
82.4,36.1,336.0,1.84,1,0
82.9,36.2,326.0,2.0,1,0
82.6,36.1,318.0,2.06,1,0
82.6,36.1,314.0,2.08,1,0
83.3,36.1,310.0,2.01,1,0
83.7,36.1,292.0,1.89,1,0
84.1,36.0,291.0,1.89,1,0
83.4,36.0,290.0,1.97,1,0
83.6,35.9,302.0,1.95,1,0
84.9,36.0,306.0,1.99,1,0
85.3,35.9,307.0,2.02,1,0
84.9,35.9,303.0,2.04,1,0
84.1,35.6,307.0,2.11,1,0
84.6,35.5,325.0,2.07,1,0
84.9,35.4,337.0,2.04,1,0
85.3,35.5,333.0,1.93,1,0
86.4,35.6,333.0,1.93,1,0
86.2,35.6,318.0,1.98,1,0
85.8,35.4,326.0,2.05,1,0
87.2,35.2,331.0,2.08,1,0
89.0,35.4,327.0,2.05,1,0
87.2,35.4,330.0,2.1,1,0
86.4,35.4,323.0,2.0,1,0
86.3,35.4,321.0,2.04,1,0
87.1,35.4,328.0,1.99,1,0
87.5,35.5,328.0,1.97,1,0
88.1,35.4,329.0,1.97,1,0
88.7,35.4,324.0,1.98,1,0
88.5,35.5,318.0,2.02,1,0
87.7,35.4,312.0,2.04,1,0
87.7,35.4,310.0,2.09,1,0
87.9,35.4,322.0,2.06,1,0
87.3,35.4,319.0,2.07,1,0
87.5,35.4,316.0,2.09,1,0
89.3,35.4,317.0,2.07,1,0
87.1,35.3,323.0,2.08,1,0
87.0,35.2,325.0,2.08,1,0
87.2,35.3,330.0,2.15,1,0
87.6,35.3,318.0,2.13,1,0
88.1,35.2,316.0,2.1,1,0
87.9,35.1,315.0,2.09,1,0
87.7,35.1,327.0,2.08,1,0
87.2,35.0,321.0,2.06,1,0
88.1,35.1,312.0,2.05,1,0
88.2,35.1,308.0,2.02,1,0
88.4,35.0,308.0,2.05,1,0
89.1,35.1,306.0,2.05,1,0
89.2,35.0,302.0,2.08,1,0
90.6,35.0,302.0,2.13,1,0
88.6,35.0,300.0,2.2,1,0
87.7,34.9,295.0,2.27,1,0
87.2,34.9,288.0,2.37,1,0
87.2,34.9,292.0,2.13,1,0
87.2,34.9,293.0,2.05,1,0
87.4,34.8,291.0,2.14,1,0
87.5,34.8,291.0,2.13,1,0
88.0,34.9,290.0,2.09,1,0
87.7,34.8,291.0,2.15,1,0
87.8,34.8,297.0,2.18,1,0
88.4,34.8,296.0,2.22,1,0
88.2,34.7,286.0,2.44,1,0
88.7,34.8,287.0,2.45,1,0
88.7,34.8,289.0,2.48,1,0
88.6,34.8,294.0,2.52,1,0
88.7,34.8,295.0,2.52,1,0
88.6,34.8,292.0,2.48,1,0
89.1,34.9,289.0,2.48,1,0
90.1,34.9,292.0,2.48,1,0
90.4,34.9,300.0,2.48,1,0
90.9,34.9,303.0,2.46,1,0
91.8,35.0,313.0,2.48,1,0
92.1,35.0,317.0,2.5,1,0
92.0,35.0,316.0,2.48,1,0
91.2,34.9,314.0,2.52,1,0
89.3,34.9,317.0,2.28,1,0
87.8,34.9,310.0,2.46,1,0
87.2,34.9,307.0,2.47,1,0
86.8,34.9,305.0,2.46,1,0
86.7,34.9,309.0,2.45,1,0
87.0,34.7,308.0,2.46,1,0
87.6,34.5,308.0,2.46,1,0
88.4,34.5,318.0,2.19,1,0
89.3,34.5,322.0,2.42,1,0
88.8,34.5,324.0,2.1,1,0
88.0,34.5,330.0,2.07,1,0
88.8,34.5,324.0,2.31,1,0
89.1,34.5,322.0,2.1,1,0
88.8,34.5,321.0,2.06,1,0
89.6,34.5,321.0,2.07,1,0
89.9,34.6,322.0,2.06,1,0
90.0,34.5,318.0,2.07,1,0
89.9,34.6,315.0,2.09,1,0
90.0,34.6,315.0,2.13,1,0
90.2,34.6,313.0,2.16,1,0
88.6,34.5,307.0,2.18,1,0
88.4,34.4,306.0,2.25,1,0
88.9,34.4,306.0,2.28,1,0
89.3,34.4,302.0,2.36,1,0
89.6,34.3,305.0,2.13,1,0
89.8,34.2,302.0,2.28,1,0
90.1,34.1,304.0,2.27,1,0
90.7,34.1,299.0,2.38,1,0
88.9,34.1,297.0,2.42,1,0
88.3,34.0,288.0,2.48,1,0
88.1,33.8,281.0,2.46,1,0
88.2,33.7,279.0,2.45,1,0
88.5,33.7,279.0,2.43,1,0
90.1,33.8,280.0,2.42,1,0
90.4,33.8,282.0,2.41,1,0
90.6,33.7,285.0,2.38,1,0
90.6,33.7,286.0,2.44,1,0
91.0,33.6,282.0,2.48,1,0
90.6,33.5,280.0,2.45,1,0
90.5,33.4,277.0,2.43,1,0
91.1,33.5,273.0,2.42,1,0
91.2,33.5,276.0,2.38,1,0
91.5,33.5,280.0,2.22,1,0
91.2,33.5,281.0,2.33,1,0
91.1,33.4,281.0,2.25,1,0
90.8,33.4,280.0,2.29,1,0
90.7,33.5,280.0,2.31,1,0
91.0,33.5,281.0,2.22,1,0
91.4,33.5,279.0,2.22,1,0
90.8,33.4,277.0,2.24,1,0
91.1,33.4,278.0,2.19,1,0
91.2,33.4,279.0,2.19,1,0
91.4,33.4,280.0,2.18,1,0
92.3,33.4,283.0,2.16,1,0
92.0,33.3,282.0,2.23,1,0
91.4,33.2,279.0,2.31,1,0
91.2,33.0,274.0,2.27,1,0
91.2,33.0,272.0,2.26,1,0
91.9,33.0,269.0,2.24,1,0
92.2,33.0,268.0,2.23,1,0
91.9,32.9,265.0,2.22,1,0
92.0,32.9,259.0,2.23,1,0
92.0,32.8,260.0,2.22,1,0
92.2,32.7,262.0,2.23,1,0
92.1,32.7,271.0,2.24,1,0
92.8,32.7,274.0,2.25,1,0
92.7,32.7,276.0,2.25,1,0
92.7,32.6,272.0,2.27,1,0
92.8,32.6,271.0,2.26,1,0
92.9,32.6,274.0,2.26,1,0
93.3,32.6,276.0,2.26,1,0
94.0,32.6,277.0,2.25,1,0
93.5,32.6,277.0,2.26,1,0
93.5,32.7,274.0,2.25,1,0
94.0,32.6,275.0,2.3,1,0
93.3,32.5,275.0,2.29,1,0
93.2,32.5,276.0,2.29,1,0
93.0,32.5,275.0,2.29,1,0
92.9,32.4,274.0,2.24,1,0
93.0,32.4,270.0,2.25,1,0
93.2,32.3,268.0,2.48,1,0
93.1,32.0,262.0,2.57,1,0
70.6,39.1,385.0,3.31,1,0
70.7,38.9,377.0,2.13,1,0
70.5,39.0,380.0,1.83,1,0
71.3,39.1,380.0,1.82,1,0
71.8,38.9,382.0,1.89,1,0
70.1,38.8,384.0,1.91,1,0
70.9,38.7,384.0,2.04,1,0
69.1,38.2,382.0,2.1,1,0
69.5,37.9,382.0,2.07,1,0
70.8,37.9,382.0,2.06,1,0
70.9,37.9,383.0,2.09,1,0
72.6,38.1,383.0,2.08,1,0
73.6,38.3,383.0,2.09,1,0
99.9,27.1,24.0,2.92,0,0
99.9,27.3,54.0,2.93,0,0
99.5,27.5,53.0,2.95,0,0
99.4,27.6,75.0,2.95,0,0
99.6,27.6,112.0,2.98,0,0
99.1,27.6,130.0,3.01,0,0
97.3,27.8,147.0,2.85,0,0
97.1,27.9,157.0,2.86,0,0
97.5,28.2,171.0,2.93,0,0
96.0,28.3,184.0,2.91,0,0
95.5,28.7,213.0,2.95,1,0
96.5,29.0,218.0,2.93,1,0
95.6,28.9,239.0,2.68,1,0
93.6,29.7,266.0,2.79,1,0
93.4,30.2,245.0,2.98,1,0
92.6,29.8,316.0,3.04,1,0
91.8,30.7,280.0,3.07,1,0
92.3,30.2,322.0,3.1,1,0
92.7,30.0,319.0,3.25,1,0
91.7,30.2,287.0,3.25,1,0
92.1,30.3,312.0,3.31,1,0
93.0,30.2,297.0,3.23,1,0
94.0,30.3,364.0,3.26,1,0
94.7,30.2,300.0,3.23,1,0
93.6,30.0,300.0,3.21,1,0
93.6,30.0,298.0,3.3,1,0
93.7,30.3,264.0,3.28,1,0
93.0,31.0,296.0,3.28,1,0
90.5,31.1,297.0,3.21,1,0
91.7,31.2,321.0,2.98,1,0
90.9,31.1,304.0,3.16,1,0
90.3,32.3,306.0,3.28,1,0
91.2,31.1,321.0,3.26,1,0
90.7,30.7,301.0,3.23,1,0
94.5,30.7,307.0,3.35,1,0
93.3,30.0,312.0,3.16,1,0
96.1,29.7,303.0,3.3,1,0
96.6,28.5,308.0,3.33,1,0
97.2,28.6,284.0,3.35,1,0
97.4,28.9,253.0,3.2,1,0
97.5,28.8,259.0,3.21,1,0
99.2,28.7,271.0,3.33,1,0
99.9,27.8,272.0,3.31,1,0
99.9,27.8,215.0,3.37,1,0
97.3,28.5,178.0,3.37,0,0
97.9,28.4,227.0,3.4,1,0
97.6,28.3,262.0,3.4,1,0
96.6,28.5,271.0,3.37,1,0
96.5,28.6,274.0,3.23,1,0
95.8,29.3,283.0,3.35,1,0
99.9,28.2,298.0,3.05,1,0
99.6,27.2,217.0,3.44,1,0
99.9,27.2,172.0,3.49,0,0
99.9,27.0,162.0,3.53,0,0
99.9,26.2,185.0,3.53,0,0
99.9,25.7,183.0,3.55,0,0
99.9,25.2,173.0,3.59,0,0
99.9,24.9,158.0,3.59,0,0
99.9,25.0,136.0,3.57,0,0
99.9,24.5,150.0,3.42,0,0
99.9,24.4,245.0,3.53,1,0
99.9,24.4,153.0,3.51,0,0
99.9,24.3,163.0,3.51,0,0
99.9,24.6,207.0,3.53,1,0
99.9,24.7,200.0,3.57,1,0
99.9,24.5,141.0,3.49,0,0
99.9,24.3,132.0,3.49,0,0
99.9,24.5,100.0,3.51,0,0
99.9,25.0,94.0,3.49,0,0
99.9,25.9,61.0,3.48,0,0
99.9,25.9,35.0,3.44,0,0
99.9,25.9,66.0,3.46,0,0
99.9,25.9,51.0,3.49,0,0
99.9,25.8,54.0,3.42,0,0
99.9,25.8,29.0,3.48,0,0
99.9,25.7,26.0,3.48,0,0
99.9,25.7,23.0,3.51,0,0
99.9,25.7,22.0,3.53,0,0
99.9,25.7,22.0,3.51,0,0
99.9,25.7,22.0,3.55,0,0
99.9,25.5,22.0,3.51,0,0
99.9,25.5,22.0,3.51,0,0
99.9,25.5,22.0,3.53,0,0
99.9,25.6,23.0,3.51,0,0
99.9,25.6,22.0,3.46,0,0
99.9,25.5,22.0,3.44,0,0
99.9,25.5,22.0,3.42,0,0
99.9,25.5,22.0,3.4,0,0
99.9,25.5,23.0,3.42,0,0
99.9,25.6,22.0,3.42,0,0
99.9,25.7,22.0,3.44,0,0
99.9,25.7,22.0,3.46,0,0
99.9,25.7,22.0,3.44,0,0
99.9,25.7,23.0,3.42,0,0
99.9,25.7,22.0,3.44,0,0
99.9,25.7,21.0,3.42,0,0
99.9,25.6,21.0,3.42,0,0
99.9,25.7,22.0,3.42,0,0
99.9,25.7,22.0,3.44,0,0
99.9,25.6,23.0,3.44,0,0
99.9,25.6,22.0,3.42,0,0
99.9,25.5,22.0,3.44,0,0
99.9,25.5,22.0,3.44,0,0
99.9,25.5,23.0,3.44,0,0
99.9,25.5,22.0,3.42,0,0
99.9,25.8,22.0,3.38,0,0
99.9,25.7,22.0,3.37,0,0
99.9,25.7,23.0,3.35,0,0
99.9,25.8,22.0,3.23,0,0
99.9,25.8,22.0,3.13,0,0
99.9,25.8,22.0,3.16,0,0
99.9,25.8,22.0,3.13,0,0
99.9,25.6,22.0,3.07,0,0
99.9,25.7,21.0,3.13,0,0
99.9,25.6,22.0,3.18,0,0
99.9,25.7,22.0,3.13,0,0
99.9,25.7,24.0,3.18,0,0
99.9,25.7,22.0,3.18,0,0
99.9,25.8,22.0,3.02,0,0
99.9,25.9,22.0,3.23,0,0
99.9,25.9,22.0,3.25,0,0
99.9,25.9,22.0,3.25,0,0
99.9,26.0,21.0,3.33,0,0
99.9,26.0,22.0,3.33,0,0
99.9,26.1,23.0,3.35,0,0
99.9,26.2,22.0,3.37,0,0
99.9,26.3,22.0,3.37,0,0
99.9,26.3,23.0,3.37,0,0
99.9,26.3,23.0,3.38,0,0
99.9,26.3,22.0,3.35,0,0
99.9,26.2,22.0,3.33,0,0
99.9,26.2,22.0,3.33,0,0
99.9,26.1,22.0,3.37,0,0
99.9,26.1,23.0,3.31,0,0
99.9,26.1,22.0,3.35,0,0
99.9,26.1,22.0,3.33,0,0
99.9,26.1,22.0,3.35,0,0
99.9,26.1,22.0,3.37,0,0
99.9,26.1,22.0,3.33,0,0
99.9,26.2,21.0,3.33,0,0
99.9,26.6,22.0,3.33,0,0
99.9,27.3,22.0,3.26,0,0
99.9,27.2,22.0,3.02,0,0
99.9,27.4,22.0,3.21,0,0
99.9,27.5,22.0,3.23,0,0
99.9,27.5,26.0,3.21,0,0
99.9,27.7,34.0,3.26,0,0
99.7,27.9,63.0,3.18,0,0
98.5,28.1,87.0,3.21,0,0
98.5,28.2,107.0,3.21,0,0
98.1,28.4,120.0,3.26,0,0
96.8,28.5,134.0,3.25,0,0
97.3,28.8,151.0,3.21,0,0
96.3,28.7,159.0,3.16,0,0
96.6,29.1,179.0,3.12,0,0
94.9,29.1,197.0,3.13,1,0
95.1,29.5,212.0,3.08,1,0
95.0,29.8,215.0,3.16,1,0
93.7,29.9,228.0,3.16,1,0
93.3,29.7,229.0,3.12,1,0
92.5,30.1,224.0,3.15,1,0
90.9,30.8,238.0,3.13,1,0
91.6,30.9,248.0,3.13,1,0
91.1,30.9,278.0,3.12,1,0
91.0,31.0,278.0,3.08,1,0
89.2,31.1,230.0,3.12,1,0
85.1,31.8,269.0,3.2,1,0
84.0,32.1,289.0,3.2,1,0
91.7,31.5,284.0,3.05,1,0
89.4,31.6,304.0,3.05,1,0
84.4,32.1,268.0,2.89,1,0
85.4,31.7,286.0,2.99,1,0
91.3,30.4,350.0,3.02,1,0
67.4,36.0,119.0,1.83,0,0
67.0,35.9,119.0,1.76,0,0
68.1,35.8,119.0,1.68,0,0
69.0,35.7,117.0,1.71,0,0
69.4,35.7,110.0,1.84,0,0
69.0,35.6,106.0,1.93,0,0
69.4,35.5,113.0,2.07,0,0
69.3,35.5,113.0,1.98,0,0
69.9,35.4,139.0,1.81,0,0
70.5,35.4,151.0,1.73,0,0
71.6,35.3,142.0,1.76,0,0
71.2,35.3,124.0,1.78,0,0
70.7,35.2,167.0,1.62,0,0
70.1,35.2,113.0,1.93,0,0
69.6,35.1,115.0,1.94,0,0
70.4,35.0,116.0,1.96,0,0
71.2,35.0,112.0,2.0,0,0
71.5,34.9,111.0,2.02,0,0
71.1,34.9,112.0,2.03,0,0
71.5,34.9,110.0,2.04,0,0
72.7,34.8,111.0,2.05,0,0
73.2,34.8,109.0,2.06,0,0
73.6,34.7,108.0,2.07,0,0
73.9,34.7,111.0,2.07,0,0
73.4,34.7,106.0,2.09,0,0
73.2,34.7,111.0,2.09,0,0
73.0,34.7,111.0,2.12,0,0
72.8,34.7,111.0,2.13,0,0
72.6,34.7,112.0,2.14,0,0
72.3,34.8,113.0,2.14,0,0
72.4,34.8,116.0,2.15,0,0
72.3,34.9,166.0,2.34,0,0
72.1,34.9,179.0,2.21,0,0
72.9,35.5,150.0,2.42,0,0
72.0,36.4,342.0,2.24,1,0
71.8,36.7,210.0,2.23,1,0
70.6,37.9,183.0,2.46,1,0
69.4,38.2,168.0,2.74,0,0
68.7,38.4,164.0,2.61,0,0
68.7,38.8,161.0,2.47,0,0
68.7,39.6,160.0,2.43,0,0
67.7,40.3,159.0,2.46,0,1
64.4,41.0,165.0,2.27,0,1
65.2,42.0,163.0,2.3,0,1
73.5,42.9,185.0,1.34,1,1
77.4,44.7,155.0,1.23,0,1
80.1,46.0,162.0,1.22,0,1
73.9,47.7,157.0,1.3,0,1
59.1,48.6,159.0,1.37,0,1
57.9,49.4,162.0,1.61,0,1
53.4,49.7,194.0,1.57,1,1
51.2,49.9,196.0,1.69,1,1
50.0,50.1,196.0,1.82,1,1
48.8,50.3,169.0,2.03,0,1
48.6,50.7,173.0,1.42,1,1
56.0,51.3,177.0,1.1,1,1
91.7,30.4,168.0,1.94,0,0
91.7,30.4,167.0,1.94,0,0
91.7,30.4,166.0,1.93,0,0
91.7,30.4,162.0,1.94,0,0
91.8,30.4,158.0,1.97,0,0
91.9,30.4,157.0,1.98,0,0
92.0,30.4,153.0,2.03,0,0
92.1,30.4,151.0,1.99,0,0
92.1,30.4,150.0,1.98,0,0
92.0,30.4,150.0,2.01,0,0
92.0,30.4,150.0,1.98,0,0
92.0,30.4,148.0,2.03,0,0
92.1,30.4,151.0,1.92,0,0
92.2,30.4,154.0,1.82,0,0
92.0,30.4,157.0,1.93,0,0
92.0,30.4,160.0,1.79,0,0
92.2,30.4,162.0,1.8,0,0
91.9,30.4,162.0,1.82,0,0
91.9,30.4,164.0,1.79,0,0
91.9,30.4,163.0,1.84,0,0
91.8,30.4,163.0,1.82,0,0
91.9,30.4,164.0,1.83,0,0
92.1,30.4,164.0,1.83,0,0
92.1,30.4,136.0,1.82,0,0
92.1,30.4,143.0,1.77,0,0
92.0,30.4,143.0,1.76,0,0
92.1,30.4,141.0,1.72,0,0
92.1,30.4,142.0,1.69,0,0
92.0,30.4,144.0,1.66,0,0
92.0,30.4,134.0,1.77,0,0
92.0,30.4,127.0,1.85,0,0
92.1,30.4,127.0,1.93,0,0
92.1,30.5,158.0,1.71,0,0
92.1,30.5,163.0,1.5,0,0
91.9,30.6,180.0,1.46,0,0
92.0,30.6,198.0,1.35,1,0
92.0,30.7,247.0,1.41,1,0
92.0,30.8,223.0,1.5,1,0
92.0,30.9,219.0,1.48,1,0
92.6,31.3,250.0,1.47,1,0
91.5,31.8,268.0,1.49,1,0
91.0,32.3,279.0,1.48,1,0
90.6,32.8,281.0,1.65,1,0
89.5,33.4,290.0,1.54,1,0
91.7,34.3,297.0,1.47,1,0
92.3,35.2,294.0,1.42,1,0
92.3,36.0,293.0,1.4,1,0
91.4,36.8,295.0,1.38,1,0
89.0,37.7,298.0,1.38,1,0
87.8,38.6,298.0,1.37,1,0
84.4,39.5,307.0,1.4,1,0
84.5,40.5,304.0,1.42,1,1
80.8,41.3,308.0,1.44,1,1
77.8,42.2,316.0,1.39,1,1
75.5,43.1,313.0,1.43,1,1
73.4,44.1,319.0,1.44,1,1
65.0,45.1,318.0,1.46,1,1
60.8,46.0,317.0,1.46,1,1
59.4,47.1,332.0,1.56,1,1
62.1,48.7,355.0,1.65,1,1
57.7,49.3,342.0,1.76,1,1
54.7,50.0,343.0,1.82,1,1
54.2,50.6,344.0,1.75,1,1
55.1,51.2,337.0,1.89,1,1
54.1,51.8,316.0,1.85,1,1
53.0,52.5,242.0,1.9,1,1
52.4,53.1,235.0,1.32,1,1
52.7,53.9,220.0,1.49,1,1
47.9,54.1,206.0,1.14,1,1
47.3,54.1,212.0,1.14,1,1
46.3,54.4,199.0,1.14,1,1
44.7,54.7,216.0,1.07,1,1
44.3,55.0,186.0,1.03,1,1
44.0,55.4,221.0,0.88,1,1
44.9,55.8,170.0,0.97,0,1
43.4,56.2,193.0,1.06,1,1
41.9,56.5,198.0,1.13,1,1
41.1,56.8,231.0,1.17,1,1
40.9,57.2,196.0,1.38,1,1
40.0,57.5,207.0,1.44,1,1
39.7,57.8,203.0,1.49,1,1
39.1,58.2,213.0,1.52,1,1
38.4,58.4,193.0,1.34,1,1
38.1,58.6,232.0,1.33,1,1
37.5,58.8,220.0,1.45,1,1
37.0,59.0,245.0,1.37,1,1
36.4,58.9,258.0,1.37,1,1
36.1,58.9,236.0,1.45,1,1
35.8,58.9,181.0,1.53,1,1
35.7,58.9,225.0,1.51,1,1
35.7,58.8,222.0,1.44,1,1
35.6,58.8,224.0,1.44,1,1
35.5,58.8,195.0,1.38,1,1
35.4,58.5,188.0,0.88,1,1
40.0,58.7,176.0,1.0,1,1
38.0,59.0,226.0,1.15,1,1
37.4,59.9,187.0,1.44,1,1
37.6,59.7,187.0,1.71,1,1
37.9,59.8,181.0,1.88,1,1
37.2,60.0,214.0,1.39,1,1
36.1,60.1,215.0,1.08,1,1
37.7,60.1,264.0,0.83,1,1
37.7,60.2,262.0,0.85,1,1
37.3,60.2,238.0,1.12,1,1
35.8,60.2,261.0,0.86,1,1
38.3,60.1,256.0,1.0,1,1
36.5,60.0,268.0,0.86,1,1
38.8,60.7,295.0,0.89,1,1
37.8,60.8,282.0,0.99,1,1
36.0,60.8,263.0,1.17,1,1
34.7,60.5,269.0,0.69,1,1
38.9,60.9,267.0,0.74,1,1
39.9,61.3,212.0,0.64,1,1
41.5,61.4,194.0,0.83,1,1
38.9,61.5,190.0,0.99,1,1
36.9,61.6,192.0,1.09,1,1
35.9,61.6,181.0,1.16,1,1
35.7,61.6,178.0,1.26,1,1
35.5,61.6,143.0,1.33,0,1
35.0,61.4,142.0,1.34,0,1
35.0,61.4,246.0,1.3,1,1
35.0,61.2,220.0,1.25,1,1
35.1,61.1,240.0,1.25,1,1
34.8,61.0,272.0,1.17,1,1
34.6,60.8,278.0,1.06,1,1
35.4,60.6,281.0,1.0,1,1
36.6,60.5,277.0,0.94,1,1
35.7,60.4,277.0,1.09,1,1
34.7,60.1,249.0,1.21,1,1
34.5,60.0,286.0,1.09,1,1
34.4,59.8,287.0,0.99,1,1
34.4,59.5,250.0,1.23,1,1
34.2,59.3,261.0,1.14,1,1
34.5,59.1,263.0,0.98,1,1
36.8,58.7,276.0,0.96,1,1
35.9,58.5,254.0,0.99,1,1
36.2,58.4,275.0,0.98,1,1
36.2,58.2,232.0,1.02,1,1
35.8,58.0,207.0,0.94,1,1
36.4,57.9,232.0,0.96,1,1
36.4,57.8,254.0,1.07,1,1
35.7,57.7,242.0,1.14,1,1
35.5,57.6,246.0,1.19,1,1
35.4,57.6,255.0,1.2,1,1
35.6,57.7,244.0,1.24,1,1
35.6,57.8,227.0,1.27,1,1
35.4,57.8,226.0,1.17,1,1
36.8,57.7,241.0,1.04,1,1
36.7,57.7,243.0,1.2,1,1
35.3,57.6,236.0,1.27,1,1
35.0,57.5,241.0,1.31,1,1
35.0,57.4,229.0,0.98,1,1
36.4,57.2,234.0,1.01,1,1
36.8,57.1,228.0,0.87,1,1
37.2,57.1,232.0,0.88,1,1
36.7,56.9,222.0,1.07,1,1
35.3,56.8,209.0,1.16,1,1
35.2,56.7,202.0,1.22,1,1
35.0,56.6,193.0,1.26,1,1
34.9,56.5,188.0,1.29,1,1
34.9,56.2,180.0,1.31,1,1
34.9,56.1,180.0,1.02,1,1
35.7,55.8,170.0,1.16,1,1
35.9,55.7,176.0,1.2,1,1
35.5,55.8,175.0,1.24,1,1
35.5,55.9,178.0,1.09,1,1
36.1,56.1,182.0,0.91,1,1
37.2,56.0,178.0,0.92,1,1
36.7,56.0,195.0,0.98,1,1
36.6,56.2,197.0,0.94,1,1
37.0,56.2,209.0,1.14,1,1
36.4,56.3,221.0,1.23,1,1
36.2,56.4,227.0,1.28,1,1
36.4,56.5,227.0,1.2,1,1
36.6,56.5,238.0,0.98,1,1
37.4,56.5,250.0,1.0,1,1
37.4,56.5,249.0,1.12,1,1
36.9,56.5,252.0,1.24,1,1
36.5,56.5,250.0,1.18,1,1
36.4,56.4,242.0,0.92,1,1
37.6,56.4,242.0,1.0,1,1
37.3,56.2,230.0,1.0,1,1
38.2,56.1,223.0,1.01,1,1
37.8,56.1,206.0,1.1,1,1
37.3,56.0,202.0,1.24,1,1
36.5,55.8,197.0,1.32,1,1
36.1,55.7,195.0,1.37,1,1
36.0,55.6,194.0,1.41,1,1
